country,latitude,longitude,country_encoded,temp_mean,temp_std,temp_min,temp_max,hemisphere,hemisphere_encoded,climate_zone,climate_zone_encoded,abs_latitude,latitude_normalized,latitude_band,temp_mean_month_1,temp_mean_month_2,temp_mean_month_3,temp_mean_month_4,temp_mean_month_5,temp_mean_month_6,temp_mean_month_7,temp_mean_month_8,temp_mean_month_9,temp_mean_month_10,temp_mean_month_11,temp_mean_month_12
Afghanistan,34.51734100719424,69.18265899280576,0,20.82949640287769,10.24496151787256,-3.3,36.3,Northern,1,Subtropical,1,34.51734100719424,0.3835260111910471,3,1.3129032258064517,4.789285714285714,11.993548387096777,22.986666666666668,27.26774193548387,29.747826086956525,32.11833333333333,30.664516129032258,27.525,21.125806451612902,14.796666666666663,8.252727272727272
Albania,41.32798561151079,19.81911366906475,1,21.13345323741008,8.807283817037195,1.3,39.2,Northern,1,Temperate,2,41.32798561151079,0.45919984012789766,4,13.425806451612903,12.428571428571429,16.067741935483873,18.40333333333333,21.664516129032258,30.12391304347826,32.428333333333335,31.601612903225806,25.445,18.503225806451614,13.103333333333332,9.334545454545454
Algeria,36.76250234234234,3.0504843243243243,2,21.964324324324327,6.912636054584655,2.1,38.2,Northern,1,Temperate,2,36.76250234234234,0.4084722482482482,3,15.019354838709678,15.425,17.616129032258065,19.7,22.274193548387096,28.36086956521739,29.79491525423729,29.598387096774196,26.336666666666662,21.398387096774197,16.051666666666666,12.681818181818182
Andorra,42.5,1.5173410071942444,3,10.941007194244603,9.101585352050977,-13.0,28.9,Northern,1,Temperate,2,42.5,0.4722222222222222,4,2.035483870967742,4.128571428571428,1.1806451612903226,7.21,11.038709677419355,20.506521739130434,21.461666666666662,22.10483870967742,14.22,10.474193548387095,2.8883333333333336,0.5818181818181818
Angola,-8.838630215827338,13.233545323741009,4,26.044964028776977,2.7558278621697267,19.3,32.2,Southern,0,Tropical,0,8.838630215827338,0.09820700239808154,0,29.38064516129032,29.264285714285712,29.548387096774192,28.626666666666665,27.861290322580647,25.62826086956522,23.348333333333336,22.738709677419354,24.326666666666664,25.432258064516127,26.71833333333333,26.96727272727273
Antigua and Barbuda,17.117333695652174,-61.85000000000001,5,26.54855072463768,1.7766987681790212,21.0,30.4,Northern,1,Tropical,0,17.117333695652174,0.1901925966183575,1,24.436666666666667,24.67142857142857,24.506451612903227,24.946666666666665,26.12903225806452,27.744444444444444,27.7,28.198387096774194,27.365,27.220967741935485,26.20508474576271,25.563636363636363
Argentina,-34.58798285198556,-58.67201714801444,6,14.116425992779783,5.684377964678878,0.3,27.3,Southern,0,Subtropical,1,34.58798285198556,0.3843109205776173,3,21.716666666666665,21.567857142857143,18.55161290322581,13.693333333333332,13.296774193548387,9.060869565217391,7.947457627118644,10.020967741935484,11.738333333333332,14.88548387096774,16.763333333333332,18.672727272727272
Armenia,40.18088633093525,44.51290071942446,7,19.010431654676257,11.164260827002318,-2.8,39.3,Northern,1,Temperate,2,40.18088633093525,0.44645429256594726,4,3.3548387096774195,3.5392857142857146,14.51290322580645,17.06,23.58709677419355,29.171739130434784,31.48166666666667,32.575806451612905,25.62,17.646774193548385,9.703333333333337,3.814545454545455
Australia,-35.28267341772152,149.21732658227847,8,13.99611211573237,6.926747168944433,-3.7,37.3,Southern,0,Temperate,2,35.28267341772152,0.39202970464135023,3,18.970967741935485,20.725,19.861290322580647,16.113333333333333,11.029032258064516,4.75,6.236666666666666,8.961290322580645,12.42,14.841935483870968,19.41166666666667,21.205454545454543
Austria,48.2,16.367336216216216,9,14.192792792792792,9.565175552046297,-3.8,35.5,Northern,1,Temperate,2,48.2,0.5355555555555556,4,3.351612903225807,2.6392857142857147,9.125806451612902,13.806666666666668,14.906451612903227,24.59130434782609,25.354237288135597,25.45483870967742,18.43166666666667,11.88548387096774,4.9350000000000005,3.56
Azerbaijan,40.39620612612613,49.88177585585585,10,20.331711711711712,8.94269783329832,-0.9,37.2,Northern,1,Temperate,2,40.39620612612613,0.4488467347347348,4,9.3,5.121428571428572,13.061290322580646,17.003333333333334,23.048387096774192,27.47391304347826,30.956666666666667,31.15806451612903,25.59491525423729,19.75483870967742,14.801666666666668,9.943636363636363
Bahamas,25.082664,-77.35,11,25.074,3.310819653191077,13.2,30.4,Northern,1,Subtropical,1,25.082664,0.2786962666666667,2,20.19,20.9,20.08709677419355,23.026666666666664,25.266666666666666,27.52444444444444,27.96779661016949,28.166129032258063,27.151666666666664,26.3672131147541,23.67966101694915,22.885454545454547
Bahrain,26.236857553956835,50.58249784172662,12,31.242446043165465,7.196390270476677,14.3,45.3,Northern,1,Subtropical,1,26.236857553956835,0.2915206394884093,2,20.125806451612902,19.853571428571428,24.06451612903226,31.94,36.1,37.7304347826087,38.44833333333334,38.041935483870965,36.88666666666666,31.29516129032258,26.76833333333333,21.945454545454545
Bangladesh,23.722501263537907,90.40887039711193,13,31.16173285198556,3.586832644599611,23.2,42.2,Northern,1,Subtropical,1,23.722501263537907,0.26358334737264344,2,26.94193548387097,30.34642857142857,35.74516129032258,37.36,34.858064516129026,31.986666666666668,30.906779661016948,30.38225806451613,32.01166666666667,31.69677419354839,29.55333333333333,26.60909090909091
Barbados,13.1,-59.61734448462929,14,27.19367088607595,1.445211889648208,22.1,31.4,Northern,1,Tropical,0,13.1,0.14555555555555555,1,25.626666666666665,25.49285714285714,25.887096774193548,25.966666666666665,27.151612903225807,27.80217391304348,27.93,28.229508196721312,28.125,27.59193548387097,27.39830508474576,26.19818181818182
Belarus,53.9,27.567341007194244,15,11.586870503597122,9.665487423070957,-8.9,32.4,Northern,1,Temperate,2,53.9,0.5988888888888889,5,1.2903225806451613,-2.9785714285714286,7.212903225806452,11.14,12.438709677419354,20.03043478260869,22.8,21.904838709677417,18.92833333333333,8.696774193548388,2.938333333333333,0.7927272727272727
Belgium,50.83266378378379,4.332663783783784,16,13.371981981981982,6.911753164337463,-2.6500000000000004,32.150000000000006,Northern,1,Temperate,2,50.83266378378379,0.5648073753753754,5,3.991935483870968,4.878571428571428,8.637096774193548,12.453333333333337,15.288709677419355,20.14,20.964166666666664,21.12016129032258,16.308333333333334,12.28225806451613,7.785833333333333,6.637272727272728
Belize,17.25,-88.76734565217392,17,22.294384057971016,2.2321656939534384,16.1,30.3,Northern,1,Tropical,0,17.25,0.19166666666666668,1,19.55666666666667,20.525,20.70967741935484,21.23333333333333,23.65666666666667,24.48260869565217,24.24833333333333,23.396774193548385,23.71333333333333,22.372131147540983,20.7864406779661,20.196363636363635
Benin,6.482663783783784,2.617336216216216,18,28.364864864864863,2.1831918080817414,23.1,34.4,Northern,1,Tropical,0,6.482663783783784,0.0720295975975976,0,30.916129032258063,30.682142857142857,31.20967741935484,29.73333333333333,29.293548387096774,27.995652173913044,27.07457627118644,26.76129032258065,27.08833333333333,27.298387096774192,27.846666666666668,29.53454545454545
Bhutan,27.48266378378378,89.6,19,13.856936936936938,4.588142147148655,-0.1,23.8,Northern,1,Subtropical,1,27.48266378378378,0.3053629309309309,2,8.119354838709677,5.878571428571428,11.887096774193548,14.22,15.15483870967742,17.039130434782606,17.696610169491525,16.45967741935484,16.958333333333332,15.029032258064516,12.01,8.92909090909091
Bolivia,-19.014067811934897,-65.26593851717904,20,16.905605786618445,2.094615518514374,9.55,23.1,Southern,0,Tropical,0,19.014067811934897,0.21126742013260996,1,17.138333333333332,17.125,17.0,16.529999999999998,16.125806451612902,16.321739130434782,14.606666666666666,15.97741935483871,18.234166666666667,17.766393442622952,17.829661016949153,17.905454545454546
Bosnia and Herzegovina,43.85,18.38265899280575,21,14.47230215827338,9.985709920603837,-4.8,37.2,Northern,1,Temperate,2,43.85,0.4872222222222222,4,4.264516129032257,3.585714285714286,9.23225806451613,12.713333333333331,15.938709677419356,25.10652173913044,26.195,25.061290322580643,18.33833333333333,12.84516129032258,5.381666666666666,2.769090909090909
Botswana,-24.647099280575542,25.9115309352518,22,23.599640287769784,6.036871680779194,6.4,38.4,Southern,0,Subtropical,1,24.647099280575542,0.2738566586730616,2,29.39354838709677,27.9,26.16774193548387,21.96333333333333,17.725806451612904,17.11521739130435,19.761666666666667,22.182258064516127,24.555,24.896774193548385,25.376666666666665,27.665454545454544
Brazil,-2.1215130434782608,-58.14642173913043,23,24.217753623188408,2.5781456266156995,17.9,33.3,Southern,0,Tropical,0,2.1215130434782608,0.023572367149758452,0,22.53793103448276,22.535714285714285,22.5,22.776666666666664,22.648387096774197,24.72608695652174,25.24333333333333,25.6,25.723333333333336,24.167213114754095,24.605084745762717,23.494545454545456
Brunei,4.882668592057762,114.93266859205777,24,29.35162454873646,2.175660003748245,24.0,34.3,Northern,1,Tropical,0,4.882668592057762,0.05425187324508624,0,27.98064516129032,27.875,28.951612903225808,30.07333333333333,30.93548387096774,29.75909090909091,29.558333333333334,28.583870967741937,29.883333333333333,29.62741935483871,29.735,28.82
Bulgaria,42.683810071942446,23.31982302158273,25,17.10122901678657,10.832737243397617,-4.25,39.0,Northern,1,Temperate,2,42.683810071942446,0.47426455635491604,4,5.47741935483871,2.307142857142857,12.432258064516128,13.95,17.7758064516129,27.980072463768117,31.399166666666662,29.18548387096774,22.68583333333333,14.39220430107527,7.53388888888889,4.234545454545454
Burkina Faso,12.370242162162162,-1.523793873873874,26,28.19171171171171,3.714830720417933,18.1,37.7,Northern,1,Tropical,0,12.370242162162162,0.13744713513513512,1,28.17096774193548,29.482142857142858,33.400000000000006,32.52,30.59354838709677,30.571739130434786,28.61864406779661,26.816129032258065,26.925,27.41774193548387,25.173333333333336,25.545454545454547
Burundi,-3.3768575539568344,29.36,27,26.35935251798561,2.9090357421972377,17.5,33.3,Southern,0,Tropical,0,3.3768575539568344,0.03752063948840927,0,26.716129032258067,28.03214285714285,26.19032258064516,26.00333333333333,24.26451612903226,25.845652173913045,25.47833333333333,26.66290322580645,28.45833333333333,27.330645161290324,25.6,25.26909090909091
Cambodia,11.55,104.91734216216216,28,31.251171171171173,2.933143955455869,22.6,39.1,Northern,1,Tropical,0,11.55,0.12833333333333335,1,30.486666666666668,33.17857142857143,34.78387096774193,34.486666666666665,33.11612903225806,30.98478260869565,30.023333333333333,31.006451612903227,30.165000000000003,31.36290322580645,30.363333333333333,29.745454545454542
Cameroon,6.55851119133574,12.675347653429602,29,25.415523465703973,3.152262168337109,17.8,33.3,Northern,1,Tropical,0,6.55851119133574,0.07287234657039711,0,28.1,29.517857142857142,30.35483870967742,27.74,24.845161290322583,23.69090909090909,22.898333333333333,22.333870967741937,24.48333333333333,24.59354838709677,25.88,27.12
Canada,45.4173444846293,-75.7,30,6.358047016274864,10.920050921171292,-21.8,29.2,Northern,1,Temperate,2,45.4173444846293,0.5046371609403255,4,-9.953333333333337,-11.153571428571428,-3.454838709677419,2.1766666666666667,9.63548387096774,16.77608695652174,19.126666666666665,16.441935483870967,12.818333333333332,7.447540983606557,0.9711864406779662,-6.352727272727273
Cape Verde,14.931208633093526,-23.51201438848921,31,24.52841726618705,2.4679973305847374,19.1,31.3,Northern,1,Tropical,0,14.931208633093526,0.16590231814548362,1,23.070967741935487,21.392857142857142,20.71935483870968,22.296666666666667,23.05161290322581,24.686956521739127,25.8,26.73548387096774,26.93166666666667,25.817741935483877,24.135,23.489090909090912
Central African Republic,4.367336216216216,18.582663783783783,32,28.585945945945948,3.929351362125411,20.3,37.9,Northern,1,Tropical,0,4.367336216216216,0.04852595795795796,0,33.067741935483866,31.785714285714285,30.970967741935485,28.683333333333334,27.76451612903226,29.1,28.266101694915253,27.983870967741936,27.55,25.820967741935487,26.923333333333336,30.14909090909091
Chad,12.112497841726618,15.049355395683454,33,29.957374100719424,4.327390193294538,15.1,40.4,Northern,1,Tropical,0,12.112497841726618,0.13458330935251797,1,29.51935483870968,31.075,35.34193548387096,36.236666666666665,35.251612903225805,33.573913043478264,29.541666666666668,27.49516129032258,28.615,29.846774193548388,27.008333333333333,25.20181818181818
Chile,-33.45,-70.6673444846293,34,10.310488245931284,4.852867665620466,-1.7,22.8,Southern,0,Subtropical,1,33.45,0.3716666666666667,3,16.19,15.742857142857144,13.66451612903226,10.333333333333334,8.625806451612902,5.05,4.881666666666666,6.251612903225807,8.076666666666666,11.198360655737703,12.967796610169492,16.883636363636363
China,39.92911046931408,116.38862527075813,35,18.88826714801444,10.93780656911298,-6.0,38.3,Northern,1,Temperate,2,39.92911046931408,0.4436567829923787,3,0.8161290322580644,3.678571428571429,14.683870967741935,22.08333333333333,25.693548387096776,30.875,29.7,28.43548387096774,24.886666666666667,17.496774193548386,12.493333333333334,3.463636363636364
Comoros,-11.704561441441442,43.24134126126126,36,26.197657657657658,1.4536689266453144,22.1,31.3,Southern,0,Tropical,0,11.704561441441442,0.1300506826826827,1,26.58709677419355,27.589285714285715,27.9,27.863333333333333,27.661290322580644,26.11333333333333,25.30333333333333,25.095161290322583,25.35,26.10322580645161,26.055,26.05090909090909
Congo,-4.259354234234235,15.283793873873874,37,26.83747747747748,3.450176699411684,20.1,37.5,Southern,0,Tropical,0,4.259354234234235,0.04732615815815817,0,28.335483870967742,27.582142857142856,27.641935483870967,26.97,25.97741935483871,27.404444444444444,26.476666666666667,26.896774193548385,26.495,26.567741935483877,25.775,27.272727272727277
Costa Rica,9.83053781818182,-84.14822981818182,38,19.560181818181817,2.810278422515282,10.9,25.2,Northern,1,Tropical,0,9.83053781818182,0.109228197979798,0,18.886666666666667,21.035714285714285,20.63870967741936,21.346666666666668,21.396666666666665,20.76888888888889,20.41525423728813,19.753225806451614,20.66166666666667,17.822950819672133,18.17457627118644,16.68
Croatia,45.8,16.0,39,15.688989169675091,10.227377260617,-2.0,38.8,Northern,1,Temperate,2,45.8,0.5088888888888888,4,5.425806451612903,3.935714285714286,10.438709677419356,15.26,17.506451612903227,26.917777777777776,27.75423728813559,27.58225806451613,19.953333333333333,12.87741935483871,5.828333333333333,3.363636363636364
Cuba,23.131528260869565,-82.36337826086955,40,22.9786231884058,3.106420887859284,9.3,29.2,Northern,1,Tropical,0,23.131528260869565,0.2570169806763285,2,18.55666666666667,19.42142857142857,18.758064516129032,20.273333333333333,23.58,25.058695652173917,25.576666666666664,24.95483870967742,24.41,24.252459016393445,22.25762711864407,21.725454545454543
Cyprus,35.16733621621621,33.36733621621622,41,26.067027027027027,7.61446545108495,7.1,40.4,Northern,1,Temperate,2,35.16733621621621,0.39074818018018015,3,17.574193548387097,13.864285714285714,21.364516129032257,22.15666666666667,27.41935483870968,33.45869565217391,35.25254237288136,34.461290322580645,31.095,25.537096774193547,20.955,16.278181818181817
Czech Republic,50.08267341772152,14.46732658227848,42,12.422061482820975,8.990872067002101,-8.7,32.4,Northern,1,Temperate,2,50.08267341772152,0.5564741490857947,5,2.2161290322580647,0.6392857142857142,7.061290322580645,12.143333333333334,13.94516129032258,22.07333333333333,22.639655172413796,22.67258064516129,16.823333333333334,10.458064516129031,3.778333333333333,3.1036363636363635
DR Congo,-4.3,15.3,43,26.760940325497288,3.399626021373622,20.1,37.8,Southern,0,Tropical,0,4.3,0.04777777777777777,0,27.71935483870968,27.788888888888888,27.75161290322581,26.91,25.97741935483871,27.08666666666667,26.56271186440678,26.92419354838709,26.495,26.467741935483872,25.626666666666665,27.138181818181817
Denmark,55.66733621621621,12.582663783783785,44,12.231171171171171,6.576559778301944,-5.0,27.2,Northern,1,Continental,3,55.66733621621621,0.618525957957958,5,3.541935483870968,2.292857142857143,6.748387096774193,10.77,13.138709677419357,17.96,19.496666666666663,19.65,17.41166666666667,11.424193548387096,6.601666666666668,5.987272727272727
Djibouti,11.59595667870036,43.14846353790614,45,32.24729241877257,4.744346771734418,24.7,47.1,Northern,1,Tropical,0,11.59595667870036,0.12884396309667065,1,26.677419354838708,27.482142857142858,28.641935483870967,30.77,33.02258064516129,36.62222222222222,38.98474576271186,35.70161290322581,35.098333333333336,31.69677419354839,28.633333333333333,26.965454545454545
Dominica,15.3,-61.39999999999999,46,26.66365280289331,1.5485029126676335,20.2,33.0,Northern,1,Tropical,0,15.3,0.17,1,24.60333333333333,24.775,25.31290322580645,25.48333333333333,26.33870967741936,27.480434782608693,27.68135593220339,27.76451612903226,27.38833333333333,27.608064516129037,26.806779661016947,25.312727272727276
Dominican Republic,18.46733967391304,-69.9,47,24.0375,2.0351688951882894,18.3,30.4,Northern,1,Tropical,0,18.46733967391304,0.20519266304347825,1,21.53666666666667,21.432142857142857,21.84193548387097,22.546666666666667,23.351612903225806,25.55,25.47796610169492,25.716129032258067,25.23333333333333,25.008196721311474,23.494915254237288,22.663636363636364
East Timor,-8.55886582278481,125.5729164556962,48,26.35117540687161,1.383273354723073,21.7,29.1,Southern,0,Tropical,0,8.55886582278481,0.09509850914205345,0,26.348387096774196,26.228571428571428,26.88387096774193,26.45,26.4741935483871,25.288636363636364,24.764406779661016,25.18870967741936,26.236666666666668,27.71451612903226,27.881666666666668,26.772727272727277
Ecuador,-0.2173468239564428,-78.5,49,10.131215970961888,1.0948001771178124,6.7,15.5,Southern,0,Tropical,0,0.2173468239564428,0.002414964710627142,0,9.843333333333334,10.235714285714286,9.873333333333331,10.013333333333332,9.896666666666668,10.27608695652174,9.845,9.419354838709678,10.248333333333331,10.552459016393444,10.508474576271189,10.56181818181818
Egypt,30.05,31.25,50,26.673693693693693,6.832141062247975,13.0,42.4,Northern,1,Subtropical,1,30.05,0.3338888888888889,3,19.35483870967742,16.87857142857143,22.81290322580645,24.17,28.43548387096774,32.15,34.84237288135593,33.920967741935485,30.195,26.467741935483872,21.99833333333333,18.312727272727276
El Salvador,13.70886981818182,-89.20250254545455,51,23.57181818181818,2.4770763886093308,16.7,29.2,Northern,1,Tropical,0,13.70886981818182,0.15232077575757577,1,23.52,24.428571428571427,25.038709677419355,25.876666666666665,25.91333333333333,23.80444444444445,23.73898305084745,23.0,24.276666666666664,22.68360655737705,22.38813559322034,21.563636363636363
Equatorial Guinea,3.75,8.782658992805755,52,27.20989208633093,2.2408796509306925,23.0,33.4,Northern,1,Tropical,0,3.75,0.041666666666666664,0,28.687096774193545,31.0,29.361290322580647,29.136666666666667,28.703225806451613,27.87826086956522,26.203333333333333,25.561290322580643,26.175,25.61774193548387,26.78833333333333,27.12363636363636
Eritrea,15.332658992805754,38.93265899280576,53,21.58812949640288,2.8226246985041885,13.9,28.0,Northern,1,Tropical,0,15.332658992805754,0.17036287769784172,1,18.306451612903224,19.482142857142858,21.22903225806452,22.90666666666667,23.970967741935485,25.530434782608697,22.63,20.63387096774193,23.49333333333333,21.488709677419354,20.351666666666667,18.67454545454545
Estonia,59.43314244604316,24.7284690647482,54,10.714748201438848,8.246698390925761,-8.0,32.3,Northern,1,Continental,3,59.43314244604316,0.6603682494004796,5,1.335483870967742,-1.457142857142857,4.609677419354839,7.666666666666667,11.380645161290325,17.730434782608697,21.341666666666665,19.01290322580645,16.831666666666667,8.838709677419354,4.418333333333334,2.421818181818181
Eswatini,-26.31733736462094,31.132662635379063,55,22.175992779783392,5.108088594076916,9.7,37.2,Southern,0,Subtropical,1,26.31733736462094,0.29241485960689934,2,26.47741935483871,24.464285714285715,24.23,21.18,20.154838709677417,18.40434782608696,20.06949152542373,21.75,22.266666666666666,21.23709677419355,22.688333333333333,25.443636363636365
Ethiopia,9.032668592057762,38.7,56,19.95018050541516,2.5095928006800365,13.2,29.4,Northern,1,Tropical,0,9.032668592057762,0.10036298435619735,0,21.20967741935484,23.042857142857144,22.17419354838709,23.0,21.83870967741936,20.991111111111117,18.645762711864407,17.585483870967742,19.3,19.279032258064515,18.855,19.55818181818182
Fiji,-18.13265899280575,178.41734100719424,57,24.280125899280577,1.8046201422999484,17.3,28.2,Southern,0,Tropical,0,18.13265899280575,0.2014739888089528,1,25.493548387096773,26.092857142857145,25.73225806451613,25.723333333333336,24.870967741935484,23.595652173913045,22.845,22.57258064516129,22.91583333333333,24.125806451612902,25.101666666666667,25.563636363636363
Finland,60.176454676259,24.93338417266187,58,10.48273381294964,8.660815167156462,-10.0,29.1,Northern,1,Continental,3,60.176454676259,0.6686272741806556,6,-0.0870967741935483,-2.039285714285714,4.129032258064516,7.676666666666667,12.141935483870968,18.167391304347827,21.973333333333336,19.10967741935484,15.996666666666666,8.629032258064516,3.755,1.7181818181818185
France,48.86734216216216,2.332657837837838,59,14.330810810810812,7.326829084375572,-2.7,36.8,Northern,1,Temperate,2,48.86734216216216,0.5429704684684684,4,4.6,5.514285714285714,9.348387096774196,13.853333333333332,16.493333333333332,21.85,22.616666666666667,22.81451612903226,16.461666666666666,12.674193548387096,8.431666666666667,7.279999999999999
Gabon,0.3826637837837838,9.45,60,26.96144144144144,1.9512630579663488,22.9,31.3,Northern,1,Tropical,0,0.3826637837837838,0.00425181981981982,0,28.929032258064517,29.3,29.23548387096774,28.69,27.296774193548387,26.942222222222224,25.70833333333333,25.59032258064516,26.336666666666662,25.93387096774193,26.383333333333333,27.647272727272725
Gambia,13.452506859205776,-16.57797833935018,61,25.340072202166063,2.7230216692219464,18.2,34.4,Northern,1,Tropical,0,13.452506859205776,0.14947229843561974,1,23.84193548387097,22.707142857142856,22.68387096774193,23.666666666666668,24.26451612903226,27.79111111111111,27.371186440677967,26.666129032258063,26.005,26.198387096774194,25.151666666666664,23.37454545454545
Georgia,41.72595667870036,44.790646931407935,62,18.86263537906137,9.402284797191491,-1.7,37.4,Northern,1,Temperate,2,41.72595667870036,0.46362174087444846,4,8.706451612903225,6.057142857142857,14.983870967741936,16.113333333333333,21.738709677419354,26.57555555555556,29.77457627118644,30.58709677419355,23.40666666666667,17.34193548387097,11.615,6.601818181818183
Germany,52.51734100719424,13.4,63,13.413129496402878,8.556876393406029,-5.9,33.3,Northern,1,Temperate,2,52.51734100719424,0.5835260111910471,5,3.829032258064516,2.607142857142857,8.067741935483872,13.483333333333333,15.261290322580646,22.567391304347822,22.52,22.641935483870967,18.28166666666667,11.351612903225806,5.041666666666667,4.4
Ghana,5.55,-0.2173410071942446,64,27.36618705035972,2.1733870757794924,23.0,33.2,Northern,1,Tropical,0,5.55,0.06166666666666666,0,30.096774193548388,30.025,29.21935483870968,28.66333333333333,28.19677419354839,27.547826086956523,25.996666666666663,25.346774193548388,26.521666666666665,26.34193548387097,27.076666666666664,28.26363636363636
Greece,37.97959601449276,23.716929710144928,65,23.459420289855075,8.24913689754469,6.3,39.3,Northern,1,Temperate,2,37.97959601449276,0.4219955112721418,3,15.14516129032258,11.675,17.490322580645163,18.22,24.316129032258065,32.356818181818184,34.75689655172414,32.10806451612903,28.326666666666664,22.22258064516129,17.455,13.738181818181818
Grenada,12.05,-61.75,66,27.155978260869567,1.442384263122335,23.1,31.4,Northern,1,Tropical,0,12.05,0.1338888888888889,1,25.58333333333333,25.52857142857143,25.896774193548385,26.386666666666667,27.251612903225805,27.625,27.563333333333333,28.30483870967742,28.23333333333333,27.80806451612903,27.13050847457627,25.92
Guatemala,14.620886388384756,-90.52750199637023,67,17.162431941923774,1.5146270715308836,11.5,20.4,Northern,1,Tropical,0,14.620886388384756,0.16245429320427507,1,15.31,16.342857142857145,17.241935483870968,17.073333333333334,19.13,17.988888888888887,17.671666666666667,17.519354838709678,18.09,16.854098360655737,16.496610169491525,15.930909090909092
Guinea,9.509355675675677,-13.71177189189189,68,26.17243243243244,1.512468167291127,23.0,31.2,Northern,1,Tropical,0,9.509355675675677,0.10565950750750752,0,26.741935483870968,27.207142857142856,26.970967741935485,27.03333333333333,26.967741935483872,26.867391304347827,25.53666666666667,25.450000000000003,25.53220338983051,25.72741935483871,26.18,26.063636363636363
Guinea-Bissau,11.85,-15.582658992805754,69,25.63345323741008,2.49031195621166,17.3,33.2,Northern,1,Tropical,0,11.85,0.13166666666666665,1,24.63870967741936,24.11785714285714,23.770967741935483,25.386666666666667,25.51935483870968,27.76521739130435,27.021666666666665,26.67096774193548,26.183333333333334,25.87741935483871,24.88,23.69454545454545
Guyana,6.8,-58.1673444846293,70,24.518083182640144,1.559437821509753,20.1,30.2,Northern,1,Tropical,0,6.8,0.07555555555555556,0,22.506666666666668,23.192857142857143,23.461290322580645,24.563333333333333,24.358064516129037,25.09130434782609,25.116666666666667,25.60322580645161,25.166666666666668,24.57540983606557,24.5864406779661,23.75090909090909
Haiti,18.53935652173913,-72.33597826086957,71,21.372463768115946,3.761279816864708,14.8,31.4,Northern,1,Tropical,0,18.53935652173913,0.2059928502415459,1,17.773333333333333,17.053571428571427,18.751612903225805,19.60333333333333,20.60666666666667,23.74347826086957,24.066666666666663,24.55806451612903,23.371666666666663,21.614754098360656,19.835593220338986,19.08
Honduras,14.1,-87.21734083484574,72,18.992014519056266,2.1859821441023417,11.7,23.3,Northern,1,Tropical,0,14.1,0.15666666666666668,1,17.153333333333332,17.985714285714288,19.36774193548387,20.02,21.23,20.480434782608697,19.984745762711864,19.556451612903224,20.18,18.252459016393445,17.091525423728815,17.130909090909093
Hungary,47.49774774774775,19.06238756756757,73,15.690180180180178,10.180394903965636,-2.6,37.1,Northern,1,Temperate,2,47.49774774774775,0.5277527527527528,4,4.135483870967741,2.825,10.88,16.05,16.25483870967742,26.70217391304348,27.793333333333333,27.61048387096774,20.473333333333336,12.433870967741935,5.636666666666667,4.430909090909091
Iceland,63.54832432432433,-20.62357657657657,74,6.250630630630631,4.30012745996956,-7.7,17.2,Northern,1,Continental,3,63.54832432432433,0.7060924924924925,6,1.7451612903225806,4.275,3.4516129032258065,5.066666666666666,8.235483870967743,8.689130434782609,11.2,10.693548387096774,7.625423728813559,4.764516129032257,2.495,2.750909090909091
India,28.6,77.2,75,30.45081081081081,6.005302580943903,12.1,44.8,Northern,1,Subtropical,1,28.6,0.31777777777777777,2,20.73225806451613,25.1,30.783870967741933,37.52,35.99354838709677,36.53777777777778,34.15833333333333,31.90967741935484,31.9,32.193548387096776,27.040000000000003,20.99090909090909
Indonesia,-6.213706474820143,106.84605179856116,76,28.23024580335732,2.0783446480332355,22.1,32.55,Southern,0,Tropical,0,6.213706474820143,0.06904118305355715,0,26.87741935483871,27.65714285714285,29.058064516129036,28.84333333333333,29.366129032258065,27.10036231884058,26.651666666666664,26.91290322580645,28.0575,30.39435483870968,29.596666666666668,28.253636363636364
Iran,35.72685755395683,51.33032230215827,77,20.73875899280576,10.819399264243286,-3.75,37.35,Northern,1,Temperate,2,35.72685755395683,0.3969650839328537,3,5.975806451612903,3.435714285714286,12.69032258064516,19.988333333333333,25.996774193548383,29.444565217391304,33.24916666666667,33.627419354838715,26.984166666666667,20.64354838709677,12.828333333333337,6.316363636363636
Iraq,33.33887194244605,44.39314244604317,78,30.68723021582733,10.964312242229475,8.0,49.1,Northern,1,Subtropical,1,33.33887194244605,0.37043191047162277,3,16.467741935483872,15.335714285714284,22.31935483870968,28.68,35.645161290322584,41.90217391304348,42.84333333333333,42.90161290322581,37.556666666666665,29.91774193548387,21.721666666666668,16.278181818181817
Ireland,53.33250126353791,-6.249112454873647,79,11.663357400722022,4.917810226469785,-2.8,23.2,Northern,1,Temperate,2,53.33250126353791,0.5925833473726434,5,4.516129032258065,6.989285714285714,8.574193548387097,10.983333333333333,13.464516129032257,15.728888888888887,16.847457627118644,17.08709677419355,13.1,10.825806451612904,7.816666666666666,7.74
Israel,31.78,35.23,80,25.08252252252252,6.468912114900314,8.2,39.0,Northern,1,Subtropical,1,31.78,0.3531111111111111,3,18.664516129032258,16.310714285714287,22.625806451612902,24.55333333333333,27.01290322580645,29.93478260869565,31.90169491525424,31.003225806451614,29.746666666666663,25.429032258064517,20.535,15.185454545454546
Italy,41.9,12.482663783783783,81,20.17297297297297,8.777754804767877,2.1,37.7,Northern,1,Temperate,2,41.9,0.46555555555555556,4,12.12258064516129,11.396428571428572,13.738709677419356,17.06,20.47741935483871,29.421739130434784,31.32033898305085,30.98064516129032,23.86833333333333,18.43548387096774,12.225,9.052727272727273
Ivory Coast,6.8167,-5.2833,82,22.884375,0.7400324495019048,20.1,25.3,Northern,1,Tropical,0,6.8167,0.0757411111111111,0,22.884375,22.884375,22.884375,22.884375,22.884375,22.884375,22.884375,22.884375,23.0,23.14516129032258,22.633333333333333,22.808333333333334
Jamaica,17.948368478260868,-76.83759057971014,83,26.94836956521739,1.6354503603969512,21.6,32.0,Northern,1,Tropical,0,17.948368478260868,0.19942631642512076,1,25.05666666666667,25.103571428571428,25.24516129032258,25.946666666666665,26.60666666666667,28.40217391304348,27.965,28.111290322580647,28.326666666666664,27.29344262295082,26.28135593220339,25.805454545454545
Japan,35.689596396396404,139.69137225225225,84,20.705945945945945,8.351760053417047,3.1,37.1,Northern,1,Temperate,2,35.689596396396404,0.3965510710710711,3,8.570967741935483,8.214285714285714,11.983870967741936,18.273333333333333,20.858064516129037,26.137777777777774,29.101666666666667,30.738709677419354,28.173333333333336,21.51935483870968,16.038333333333334,11.178181818181818
Jordan,31.950000000000003,35.93265899280576,85,23.15341726618705,7.907437883843058,4.0,41.1,Northern,1,Subtropical,1,31.950000000000003,0.35500000000000004,3,13.893548387096772,10.80714285714286,17.625806451612902,21.776666666666664,25.780645161290323,31.10217391304348,31.58333333333333,31.083870967741937,27.68166666666667,23.18548387096774,17.8,13.123636363636365
Kazakhstan,51.180887927927934,71.42822414414415,86,10.387927927927928,13.71079900066635,-23.8,35.0,Northern,1,Temperate,2,51.180887927927934,0.5686765325325326,5,-9.187096774193549,-6.992857142857143,-0.3419354838709677,15.896666666666668,22.14516129032258,25.46222222222222,25.418333333333333,22.35483870967742,16.393333333333334,8.606451612903227,-0.52,-8.178181818181818
Kenya,-1.2876410071942446,36.82246690647482,87,22.0056654676259,2.822632039148373,15.1,28.4,Southern,0,Tropical,0,1.2876410071942446,0.014307122302158273,0,25.04516129032258,25.335714285714285,24.248387096774195,22.25,21.725806451612904,20.820652173913043,20.15,20.574193548387097,22.238333333333333,22.18870967741936,21.35333333333333,22.23818181818182
Kiribati,-0.8826685920577617,169.53266859205775,88,27.80397111913357,0.6141656059805438,26.1,29.6,Southern,0,Tropical,0,0.8826685920577617,0.009807428800641798,0,27.26774193548387,26.910714285714285,26.83225806451613,27.32333333333333,27.86774193548387,28.36888888888889,28.25762711864407,28.320967741935487,27.90666666666667,27.756451612903227,27.75,27.803636363636365
Kuwait,29.36734100719425,47.96003597122302,89,32.7978417266187,10.046688971866647,10.7,49.2,Northern,1,Subtropical,1,29.36734100719425,0.326303788968825,2,20.016129032258064,18.310714285714287,23.48064516129032,32.49666666666666,39.332258064516125,43.09347826086957,44.45166666666667,41.93387096774194,40.21833333333333,31.846774193548388,24.775,19.21636363636364
Kyrgyzstan,42.87250234234234,74.60024216216216,90,18.423783783783787,11.975492879228751,-8.5,40.1,Northern,1,Temperate,2,42.87250234234234,0.47636113713713707,4,0.2838709677419354,3.521428571428572,10.548387096774194,20.703333333333333,25.567741935483877,30.491304347826084,31.36610169491525,30.76129032258065,23.6,16.820967741935487,10.71,2.0945454545454547
Latvia,56.95,24.1,91,11.544864864864865,8.458323487439314,-6.8,32.1,Northern,1,Continental,3,56.95,0.6327777777777778,5,2.8032258064516125,-1.4857142857142858,6.370967741935484,9.526666666666667,12.316129032258065,18.84130434782609,22.02203389830508,19.98548387096774,18.19333333333333,9.29516129032258,4.286666666666666,3.0327272727272727
Lebanon,33.87153303249097,35.50975794223827,92,24.529783393501805,5.235851265092983,7.1,33.1,Northern,1,Subtropical,1,33.87153303249097,0.3763503670276775,3,18.864516129032257,14.821428571428571,20.03333333333333,21.433333333333334,24.62258064516129,27.64782608695652,29.97796610169492,29.94193548387097,29.15333333333333,25.44677419354839,22.81,18.0
Lesotho,-29.317336216216216,27.48266378378378,93,19.490450450450453,6.204697095122009,4.0,35.6,Southern,0,Subtropical,1,29.317336216216216,0.32574818018018015,2,26.990322580645163,26.14642857142857,22.48064516129032,16.95,13.964516129032257,12.782608695652174,12.913559322033898,16.62741935483871,19.28333333333333,20.833870967741937,22.53833333333333,25.96909090909091
Liberia,6.3104843243243245,-10.803793873873872,94,26.08126126126126,1.7392294224644276,22.3,31.0,Northern,1,Tropical,0,6.3104843243243245,0.0701164924924925,0,27.9741935483871,28.22142857142857,27.335483870967742,27.096666666666668,26.48064516129032,26.282222222222224,25.6,25.01935483870968,25.11,25.137096774193548,25.74,26.492727272727272
Liechtenstein,47.13266378378378,9.517336216216217,95,11.514594594594596,8.41133322877713,-10.2,29.4,Northern,1,Temperate,2,47.13266378378378,0.5236962642642642,4,2.2451612903225806,3.1607142857142856,6.864516129032258,10.236666666666668,13.529032258064516,20.81086956521739,20.6864406779661,20.91774193548387,15.706666666666669,10.611290322580643,2.875,0.8309090909090909
Lithuania,54.68266378378379,25.317336216216216,96,11.248648648648649,9.181029972037368,-10.7,31.2,Northern,1,Temperate,2,54.68266378378379,0.6075851531531532,5,1.729032258064516,-2.8857142857142857,6.619354838709677,11.066666666666666,11.661290322580646,19.43695652173913,21.940677966101696,20.733870967741936,18.331666666666667,8.533870967741937,2.853333333333333,1.767272727272727
Luxembourg,49.61137472924188,6.13,97,11.812274368231048,7.559396693003943,-4.9,30.5,Northern,1,Temperate,2,49.61137472924188,0.5512374969915764,4,2.3838709677419354,2.5535714285714284,7.490322580645161,11.246666666666666,14.648387096774194,19.45777777777778,20.03559322033898,20.31290322580645,14.663333333333332,10.462903225806452,5.136666666666667,4.02
Madagascar,-23.10286258992806,46.69750161870504,98,26.03615107913669,4.212317494281441,16.9,37.6,Southern,0,Tropical,0,23.10286258992806,0.25669847322142286,2,31.19193548387097,28.916071428571428,27.661290322580644,27.73,23.967741935483872,22.07717391304348,22.75333333333333,23.039516129032258,25.4375,26.21209677419355,28.495833333333334,29.03181818181818
Malawi,-13.982658992805757,33.78265899280576,99,24.82769784172662,3.765924375532464,12.0,35.4,Southern,0,Tropical,0,13.982658992805757,0.15536287769784174,1,24.0258064516129,24.442857142857143,24.345161290322583,23.88,21.40322580645161,21.715217391304343,23.145,24.14354838709677,26.24833333333333,26.825806451612905,26.611666666666668,27.65636363636364
Malaysia,3.169966846846847,101.73003603603604,100,30.08189189189189,2.872070949791833,23.0,36.4,Northern,1,Tropical,0,3.169966846846847,0.03522185385385385,0,28.200000000000003,29.664285714285715,30.154838709677417,30.10333333333333,31.46451612903226,30.642222222222223,31.089166666666664,29.56935483870968,30.725,30.708064516129035,29.53,28.73818181818182
Maldives,6.859328028933092,73.10305605786618,101,27.935623869801084,0.7798738863172876,24.6,29.8,Northern,1,Tropical,0,6.859328028933092,0.07621475587703436,0,27.20967741935484,27.67142857142857,28.11935483870968,28.98333333333333,29.067741935483877,28.420454545454547,28.21864406779661,27.661290322580644,27.90833333333333,27.706451612903223,27.48166666666667,27.567272727272726
Mali,12.65,-8.0,102,26.66384892086331,3.7979708577862272,16.0,36.1,Northern,1,Tropical,0,12.65,0.14055555555555557,1,25.616129032258065,27.57857142857143,31.335483870967742,30.64,28.29032258064516,28.78695652173913,27.461666666666662,26.10322580645161,26.16166666666667,26.083870967741937,23.485,23.725454545454543
Malta,35.8997582733813,14.513787050359712,103,23.207374100719424,6.088094979516689,10.3,36.3,Northern,1,Temperate,2,35.8997582733813,0.39888620303757,3,16.96451612903226,15.710714285714284,17.483870967741936,18.540000000000003,23.364516129032257,29.058695652173917,30.808333333333334,29.7758064516129,27.38,23.30483870967742,19.1,15.454545454545457
Marshall Islands,7.1,171.38265899280574,104,28.10152877697842,0.8857543235530466,24.3,30.1,Northern,1,Tropical,0,7.1,0.07888888888888888,0,28.038709677419355,27.557142857142857,28.141935483870967,27.83333333333333,28.187096774193545,28.095652173913045,28.006666666666668,28.26774193548387,28.364166666666662,28.251612903225805,28.18166666666667,27.867272727272727
Mauritania,18.08709928057554,-15.976212949640288,105,24.28741007194245,3.4389690133499697,15.9,36.3,Northern,1,Tropical,0,18.08709928057554,0.20096776978417266,1,20.09032258064516,20.57857142857143,19.361290322580647,22.296666666666667,23.05161290322581,25.278260869565216,25.09333333333333,26.9741935483871,27.596666666666668,27.16774193548387,24.491666666666667,21.28363636363636
Mauritius,-20.1615309352518,57.49911366906475,106,26.5543165467626,2.8845408522755327,20.1,33.2,Southern,0,Tropical,0,20.1615309352518,0.22401701039168667,2,30.461290322580645,30.75357142857143,30.503225806451614,29.07,27.10322580645161,24.547826086956523,23.605,23.17258064516129,24.665000000000003,25.80322580645161,27.63,28.74909090909091
Mexico,19.44326811594203,-99.14771521739132,107,14.179891304347828,2.624105341785678,4.3,27.4,Northern,1,Tropical,0,19.44326811594203,0.2160363123993559,1,10.946666666666664,12.292857142857144,14.548387096774194,15.453333333333337,17.546666666666667,15.91304347826087,15.0,15.183870967741935,15.741666666666667,13.063934426229508,12.52542372881356,11.998181818181818
Micronesia,6.917316878402903,158.15,108,27.97504537205082,1.3609952066348656,24.1,32.1,Northern,1,Tropical,0,6.917316878402903,0.07685907642669892,0,28.02258064516129,27.64642857142857,28.09032258064516,28.44,28.27741935483871,27.92159090909091,27.628070175438594,27.58870967741936,27.72,28.246774193548383,28.17,28.223636363636363
Monaco,43.73266859205776,7.417331407942237,109,19.060649819494586,6.57763515302163,5.1,33.3,Northern,1,Temperate,2,43.73266859205776,0.48591853991175293,4,11.429032258064517,12.728571428571428,14.48709677419355,16.81,19.825806451612905,25.395555555555557,26.82372881355932,27.81935483870968,22.58833333333333,18.280645161290323,12.348333333333333,10.92909090909091
Mongolia,47.91733254972875,106.91733254972875,110,5.388426763110307,15.7278960335968,-24.9,34.3,Northern,1,Temperate,2,47.91733254972875,0.5324148061080972,4,-18.483870967741936,-12.532142857142857,1.7032258064516128,11.406666666666666,16.33225806451613,21.05555555555556,22.9948275862069,19.36935483870968,14.436666666666667,0.879032258064516,-6.6483333333333325,-18.20909090909091
Montenegro,42.44088792792793,19.262905945945946,111,20.24900900900901,9.609568313290074,0.2,40.2,Northern,1,Temperate,2,42.44088792792793,0.47156542142142144,4,10.01290322580645,9.87142857142857,14.32258064516129,17.333333333333332,20.72258064516129,30.53333333333333,32.42666666666666,32.06290322580645,24.945,17.67258064516129,12.041666666666666,7.6836363636363645
Morocco,34.021881801801804,-6.838941981981982,112,20.02558558558559,5.055653568515746,5.0,40.3,Northern,1,Subtropical,1,34.021881801801804,0.37802090890890894,3,15.96774193548387,16.021428571428572,15.974193548387095,18.21,20.661290322580644,24.22222222222222,24.93,24.98709677419355,22.37333333333333,20.06290322580645,16.333333333333332,14.314545454545454
Mozambique,-25.966212949640287,32.589355395683455,113,25.89748201438849,3.9376758304387978,14.4,37.3,Southern,0,Subtropical,1,25.966212949640287,0.2885134772182254,2,30.81935483870968,29.810714285714287,28.780645161290323,26.36,24.287096774193547,23.186956521739127,24.19,24.451612903225808,24.6,24.858064516129037,25.925,28.478181818181817
Myanmar,16.782658992805757,96.16734100719424,114,30.497841726618702,3.130920312005656,20.0,38.4,Northern,1,Tropical,0,16.782658992805757,0.18647398880895286,1,30.98709677419355,33.36785714285714,36.012903225806454,33.89,31.85483870967742,29.18913043478261,27.98,28.601612903225806,29.17833333333333,30.76290322580645,30.22,30.46
Namibia,-22.571372252252253,17.081775855855856,115,23.22108108108108,5.356938776295728,5.0,35.1,Southern,0,Tropical,0,22.571372252252253,0.25079302502502504,2,28.958064516129035,27.73928571428572,24.0,21.886666666666667,18.177419354838708,17.38888888888889,18.76333333333333,21.11290322580645,23.64333333333333,25.125806451612902,25.99,27.20181818181818
Nepal,27.71733621621621,85.31733621621622,116,23.260540540540543,4.456598935906121,9.9,32.4,Northern,1,Subtropical,1,27.71733621621621,0.30797040240240237,2,17.61935483870968,19.607142857142858,24.26774193548387,26.15666666666667,26.161290322580644,26.752173913043475,25.82881355932204,24.975806451612904,26.298333333333336,23.64516129032258,20.688333333333333,15.967272727272729
Netherlands,52.37322882882883,4.889757837837839,117,13.554234234234237,6.619432821901248,-0.8,29.7,Northern,1,Temperate,2,52.37322882882883,0.5819247647647647,5,4.693548387096774,4.746428571428572,9.3,12.75,15.538709677419355,19.93695652173913,20.68135593220339,21.07903225806452,16.801666666666666,12.74516129032258,7.691666666666666,7.049090909090909
New Zealand,-41.3,174.78265199999998,118,13.519727272727271,3.3135776479426573,5.1,21.3,Southern,0,Temperate,2,41.3,0.45888888888888885,4,15.79310344827586,17.785714285714285,16.419354838709676,15.94,13.296774193548387,10.863043478260868,10.463333333333331,10.362903225806452,12.44,13.011290322580646,15.246666666666666,16.52058823529412
Nicaragua,12.150644646098003,-86.26863012704173,119,23.91197822141561,1.548689148772221,19.4,27.4,Northern,1,Tropical,0,12.150644646098003,0.13500716273442226,1,23.60666666666667,23.49285714285714,23.98064516129032,25.07333333333333,26.08333333333333,24.558695652173917,24.208474576271183,24.085483870967742,24.55666666666667,23.02786885245902,22.76779661016949,22.885454545454547
Niger,13.55139027027027,2.0416454054054056,120,29.38864864864865,3.9900730806093976,20.0,41.0,Northern,1,Tropical,0,13.55139027027027,0.150571003003003,1,28.006451612903227,30.107142857142858,34.38387096774194,34.096666666666664,32.76129032258065,32.426086956521736,29.8864406779661,28.279032258064515,28.53666666666667,29.530645161290323,25.985,25.17636363636364
Nigeria,9.17661582733813,7.180644604316547,121,27.636690647482013,3.406107791851899,19.0,35.5,Northern,1,Tropical,0,9.17661582733813,0.10196239808153479,0,32.12903225806452,32.61785714285715,31.22258064516129,29.71333333333333,27.68387096774193,27.345652173913045,25.8,25.10483870967742,26.28166666666667,25.983870967741936,26.94,28.59090909090909
North Korea,39.019514801444046,125.75380072202164,122,15.06913357400722,11.159133511647283,-11.5,35.3,Northern,1,Temperate,2,39.019514801444046,0.4335501644604894,3,-3.0387096774193547,-3.3892857142857147,8.535483870967743,14.49,19.361290322580647,24.24,26.610169491525426,26.65,23.293333333333333,16.00967741935484,9.086666666666668,-0.1927272727272727
North Macedonia,42.0,21.432666304347823,123,18.493840579710145,11.135585692174038,-4.0,41.4,Northern,1,Temperate,2,42.0,0.4666666666666667,4,5.145161290322581,7.270370370370371,14.906451612903227,16.8,19.92666666666667,30.94,32.538983050847456,30.4741935483871,23.62,14.937096774193549,8.291666666666666,4.483636363636363
Norway,59.91733621621621,10.75,124,8.933873873873875,7.54198634782019,-11.8,26.2,Northern,1,Continental,3,59.91733621621621,0.6657481801801801,5,-1.8838709677419356,-2.692857142857143,4.241935483870968,9.286666666666669,11.4,15.132608695652175,18.18983050847458,16.00161290322581,12.493333333333334,8.89516129032258,2.7550000000000003,1.8327272727272728
Oman,23.61265899280576,58.59265899280576,125,31.935611510791368,4.808872223069902,21.0,46.0,Northern,1,Subtropical,1,23.61265899280576,0.2623628776978418,2,23.845161290322583,25.667857142857144,28.874193548387098,35.693333333333335,37.71612903225807,38.2304347826087,34.93666666666666,33.11774193548387,33.303333333333335,32.91612903225806,29.901666666666664,25.854545454545452
Pakistan,33.7,73.16733621621623,126,28.97351351351352,6.617709618382227,13.9,45.0,Northern,1,Subtropical,1,33.7,0.37444444444444447,3,19.751612903225805,20.4,24.506451612903227,34.32,36.78387096774193,37.76521739130435,34.24067796610169,30.96451612903226,31.736666666666668,29.448387096774194,24.42,19.905454545454543
Palau,7.349604332129964,134.53326245487364,127,28.16335740072202,1.5358207277668956,24.2,31.4,Northern,1,Tropical,0,7.349604332129964,0.08166227035699959,0,27.40322580645161,27.357142857142858,27.55161290322581,28.706666666666667,28.76129032258065,27.697727272727278,27.85833333333333,28.06935483870968,28.261666666666667,28.64032258064516,28.826666666666664,28.15636363636364
Panama,8.967345652173913,-79.53265434782608,128,25.36829710144928,0.9906231876729332,22.6,27.4,Northern,1,Tropical,0,8.967345652173913,0.09963717391304348,0,24.956666666666667,24.853571428571428,25.080645161290324,25.723333333333336,25.796666666666667,25.958695652173912,25.83333333333333,25.466129032258067,25.645,25.16065573770492,25.05593220338983,24.741818181818186
Papua New Guinea,-9.46380072202166,147.19202166064983,129,26.73149819494585,1.5577971977763911,21.3,31.3,Southern,0,Tropical,0,9.46380072202166,0.10515334135579621,0,27.19032258064516,26.982142857142858,27.041935483870965,27.03333333333333,27.6,26.50111111111111,25.877966101694916,26.08225806451613,26.148333333333333,26.30322580645161,27.49,27.643636363636364
Paraguay,-22.59417891891892,-60.67366396396397,130,20.427567567567568,5.445023597628356,5.5,32.6,Southern,0,Tropical,0,22.59417891891892,0.25104643243243246,2,24.64333333333333,24.928571428571427,22.23225806451613,17.959999999999997,18.31935483870968,15.841304347826089,14.798333333333334,17.74516129032258,22.876666666666665,22.450000000000003,22.77833333333333,22.838181818181816
Peru,-12.05,-77.05,131,17.168058076225044,2.139956593502669,13.7,23.6,Southern,0,Tropical,0,12.05,0.1338888888888889,1,19.87333333333333,21.603571428571428,21.238709677419354,18.736666666666668,16.9,16.35217391304348,15.21186440677966,14.974193548387095,15.263333333333332,16.395081967213116,17.34915254237288,18.425454545454546
Philippines,14.603390270270271,120.98177585585589,132,29.923783783783787,2.420589350788713,23.5,36.4,Northern,1,Tropical,0,14.603390270270271,0.1622598918918919,1,28.22903225806452,28.964285714285715,31.016129032258064,34.21333333333334,33.73548387096774,29.66,28.831666666666667,29.225806451612904,28.976666666666667,30.083870967741937,30.52,28.66
Poland,52.24796762589928,20.99375899280576,133,13.350179856115108,9.278650296187736,-7.9,35.2,Northern,1,Temperate,2,52.24796762589928,0.5805329736211031,5,3.3,0.7571428571428572,9.332258064516129,13.44,13.887096774193548,22.367391304347827,23.66166666666667,23.490322580645163,19.631666666666668,10.446774193548388,4.206666666666667,3.5127272727272727
Portugal,38.71733140794224,-9.132668592057762,134,17.81534296028881,5.541071306193508,6.0,34.1,Northern,1,Temperate,2,38.71733140794224,0.4301925711993582,3,12.35483870967742,12.289285714285716,12.84516129032258,15.523333333333332,17.603225806451615,22.0,24.339655172413792,24.066129032258065,20.433333333333334,18.361290322580647,13.89,11.261818181818182
Qatar,25.28734216216216,51.53265783783783,135,33.61009009009009,7.283892953789624,15.2,46.3,Northern,1,Subtropical,1,25.28734216216216,0.28097046846846846,2,22.335483870967742,22.310714285714287,26.40322580645161,35.17666666666666,39.76129032258064,41.01086956521739,41.11,39.55,38.20333333333333,33.7655737704918,29.19333333333333,24.025454545454547
Romania,44.43266378378379,26.1,136,17.474774774774776,10.93775025267885,-3.7,40.2,Northern,1,Temperate,2,44.43266378378379,0.49369626426426433,4,7.070967741935483,1.0321428571428573,12.906451612903227,14.39,18.29032258064516,29.469565217391303,31.37627118644068,29.78548387096774,23.10666666666667,14.48225806451613,7.301666666666666,5.012727272727273
Russia,55.73735431654677,37.90987769784173,137,11.188758992805756,10.63419287472095,-15.25,32.2,Northern,1,Continental,3,55.73735431654677,0.6193039368505197,5,0.0870967741935484,-3.792857142857143,5.638709677419355,10.376666666666669,15.480645161290322,20.10217391304348,24.926666666666662,20.76451612903226,18.745,8.191935483870967,2.2383333333333337,-2.111818181818182
Rwanda,-1.952905945945946,30.060484324324324,138,24.32864864864865,2.884395489565939,16.3,31.6,Southern,0,Tropical,0,1.952905945945946,0.021698954954954955,0,25.30322580645161,26.235714285714288,24.15806451612903,23.226666666666667,22.67096774193548,23.769565217391307,25.63389830508475,25.44516129032258,25.53666666666667,24.187096774193545,22.725,22.84
Saint Kitts and Nevis,17.3,-62.71734332129964,139,26.832490974729243,1.7013318697483693,22.1,31.4,Northern,1,Tropical,0,17.3,0.19222222222222224,1,24.883333333333333,24.592857142857145,24.52258064516129,25.1,26.296774193548387,27.93478260869565,27.89333333333333,28.10967741935484,27.988333333333333,27.961290322580645,26.740677966101696,25.630909090909093
Saint Lucia,14.0,-61.0,140,27.100180505415164,1.3965923278134915,22.3,31.2,Northern,1,Tropical,0,14.0,0.15555555555555556,1,25.96333333333333,25.70357142857143,25.81290322580645,26.28,26.641935483870967,28.041304347826088,28.078333333333333,28.11935483870968,27.716666666666665,27.34354838709677,26.910169491525423,26.11636363636364
Saint Vincent and the Grenadines,13.13265667870036,-61.21734332129964,141,27.37815884476534,1.2454370403104775,24.1,31.2,Northern,1,Tropical,0,13.13265667870036,0.14591840754111512,1,26.62333333333333,26.075,25.325806451612905,25.63,26.56451612903226,27.62608695652174,27.895,28.18064516129032,28.39,28.2241935483871,27.78813559322034,26.84909090909091
Samoa,-13.832656985294118,-171.73265698529414,142,25.668198529411764,1.239003070522405,19.4,29.2,Southern,0,Tropical,0,13.832656985294118,0.1536961887254902,1,25.75689655172414,26.175,26.032258064516128,26.23,25.97,25.61521739130435,24.994915254237288,25.061290322580643,24.76949152542373,25.872131147540983,26.11551724137931,26.461764705882352
San Marino,43.93267341772152,12.45,143,18.10271247739602,8.036383065413515,-1.9,33.1,Northern,1,Temperate,2,43.93267341772152,0.4881408157524613,4,10.003225806451614,9.528571428571428,11.880645161290325,15.893333333333334,19.23225806451613,26.53488372093023,28.023333333333333,27.72903225806452,22.485,16.82903225806452,10.488333333333332,7.803636363636364
Saudi Arabia,24.640644324324324,46.77225513513513,144,32.3554954954955,9.486449650171158,9.1,46.3,Northern,1,Subtropical,1,24.640644324324324,0.27378493693693695,2,17.780645161290323,19.210714285714285,24.887096774193548,33.73,38.03225806451613,41.67391304347826,42.4,42.17741935483871,38.43333333333333,31.47903225806452,25.132203389830508,19.805454545454545
Senegal,14.670644604316546,-17.4384690647482,145,25.342086330935253,3.1527466017547123,18.1,32.3,Northern,1,Tropical,0,14.670644604316546,0.16300716227018386,1,22.32903225806452,20.23928571428572,20.561290322580643,21.3,22.783870967741933,26.37608695652174,27.47,28.0,27.73333333333333,27.60322580645161,26.51833333333333,23.35636363636364
Serbia,44.80322882882883,20.46604468468469,146,16.962882882882884,10.59085800407276,-2.8,40.7,Northern,1,Temperate,2,44.80322882882883,0.49781365365365365,4,5.72258064516129,4.525,12.816129032258065,14.92,17.835483870967742,28.039130434782606,28.88135593220339,29.538709677419355,22.436666666666667,14.312903225806451,7.078333333333333,4.163636363636364
Seychelles,-4.617336216216216,55.45,147,28.74,1.6239587055268072,23.1,33.4,Southern,0,Tropical,0,4.617336216216216,0.05130373573573574,0,28.816129032258065,29.967857142857145,29.993548387096777,30.866666666666667,30.780645161290323,28.973333333333333,27.651666666666664,27.398387096774197,28.19,28.198387096774194,28.92833333333333,28.569090909090907
Sierra Leone,8.49,-13.23339493670886,148,25.956600361663654,1.6396239454189383,20.1,30.2,Northern,1,Tropical,0,8.49,0.09433333333333334,0,27.467741935483872,27.15,26.241935483870968,26.84,26.21935483870968,26.677777777777777,25.20677966101695,25.029032258064515,25.41,25.50491803278689,25.87,26.15818181818182
Singapore,1.2925023423423423,103.85660972972974,149,29.7372972972973,2.121600251711256,23.1,35.2,Northern,1,Tropical,0,1.2925023423423423,0.014361137137137136,0,28.0,29.192857142857143,29.39354838709677,29.946666666666665,30.993548387096777,30.36,30.265,29.52258064516129,29.80666666666667,30.54516129032258,29.223333333333336,29.096363636363638
Slovakia,48.15,17.117336216216216,150,14.72036036036036,9.61991578202738,-3.8,35.2,Northern,1,Temperate,2,48.15,0.535,4,3.3806451612903223,3.007142857142857,10.264516129032256,14.4,16.18064516129032,25.11086956521739,25.91186440677966,25.991935483870968,19.183333333333334,12.180645161290323,5.153333333333333,3.9672727272727273
Slovenia,46.05621294964029,14.513545323741008,151,14.646762589928056,9.747750414784958,-5.7,34.1,Northern,1,Temperate,2,46.05621294964029,0.5117356994404477,4,3.964516129032258,3.2285714285714286,8.903225806451612,13.943333333333332,17.10967741935484,25.37608695652174,25.40833333333333,25.80806451612903,19.433333333333334,12.46774193548387,4.785,3.4109090909090907
Solomon Islands,-9.432678260869563,159.95,152,26.941032608695654,1.621980993650149,23.4,32.3,Southern,0,Tropical,0,9.432678260869563,0.10480753623188403,0,26.62258064516129,26.571428571428573,26.858064516129037,27.016666666666666,27.27741935483871,26.315555555555555,26.12192982456141,26.488709677419354,26.933333333333334,27.36935483870968,28.02833333333333,27.334545454545456
Somalia,2.067336216216216,45.36733621621622,153,28.82036036036036,1.3502506305174844,24.1,33.3,Northern,1,Tropical,0,2.067336216216216,0.0229704024024024,0,28.758064516129032,29.15357142857143,30.18064516129032,31.15333333333333,30.061290322580643,28.458695652173912,27.920338983050847,27.38387096774193,28.61,28.32741935483871,29.266666666666666,29.132727272727276
South Africa,-25.74750215827338,28.18838848920863,154,21.30971223021583,5.225096672058285,8.1,34.2,Southern,0,Subtropical,1,25.74750215827338,0.2860833573141487,2,26.42258064516129,26.075,23.887096774193548,20.03666666666667,17.548387096774192,16.391304347826086,17.176666666666666,20.141935483870967,22.026666666666664,22.16290322580645,22.46833333333333,24.294545454545457
South Korea,37.56709405405405,126.99975783783783,155,17.474054054054054,10.975325655586278,-10.9,36.4,Northern,1,Temperate,2,37.56709405405405,0.4174121561561561,3,-0.8258064516129031,-0.0035714285714287,9.66451612903226,15.79,20.416129032258063,25.337777777777777,28.396666666666665,29.561290322580643,26.308333333333334,18.96451612903226,12.416666666666666,2.5727272727272728
Spain,40.4,-3.682663783783784,156,17.076216216216213,9.26874781284658,-2.6,38.7,Northern,1,Temperate,2,40.4,0.4488888888888889,4,7.067741935483871,8.475,8.541935483870969,13.106666666666666,17.05806451612903,26.186956521739127,28.89830508474576,29.07903225806452,20.48166666666667,15.332258064516129,9.015,7.294545454545454
Sri Lanka,6.9315336936936935,79.84822414414414,157,30.149729729729728,1.858519003699164,22.2,33.4,Northern,1,Tropical,0,6.9315336936936935,0.07701704104104104,0,29.206451612903223,31.928571428571427,31.451612903225808,31.94333333333333,30.970967741935485,29.78695652173913,29.459322033898303,29.425806451612903,30.72,29.824193548387097,29.581666666666667,29.825454545454548
Sudan,12.156187050359712,24.46453237410072,158,30.27446043165468,4.1477221227368375,17.25,39.6,Northern,1,Tropical,0,12.156187050359712,0.1350687450039968,1,26.398387096774197,28.758928571428573,30.07258064516129,33.78,34.83387096774193,35.834782608695654,32.315000000000005,28.82983870967742,30.98166666666667,31.38790322580645,27.189166666666665,24.953636363636363
Suriname,5.832662635379062,-55.16733736462094,159,24.313718411552344,1.44182909506331,20.1,30.3,Northern,1,Tropical,0,5.832662635379062,0.06480736261532291,0,22.85666666666667,23.260714285714283,23.432258064516127,23.87333333333333,24.00967741935484,25.266666666666666,24.815,25.21935483870968,25.12333333333333,24.26129032258065,24.048333333333336,23.67090909090909
Sweden,59.33266378378379,18.05,160,11.141981981981983,8.049545564209732,-7.7,28.2,Northern,1,Continental,3,59.33266378378379,0.6592518198198198,5,0.9612903225806452,0.4928571428571429,5.867741935483871,9.66,11.6,18.832608695652173,21.55084745762712,19.32741935483871,16.2,9.356451612903228,3.895,3.4
Switzerland,46.89895783783784,7.621506306306306,161,12.353963963963963,8.90206302695522,-11.3,32.6,Northern,1,Temperate,2,46.89895783783784,0.5210995315315315,4,3.06774193548387,4.157142857142857,7.6,11.86,14.73225806451613,22.491304347826084,22.6864406779661,22.38790322580645,14.8,10.691935483870967,2.871666666666667,2.0454545454545454
Syria,33.5,36.3,162,23.55848375451264,9.427817054106592,-0.9,42.3,Northern,1,Subtropical,1,33.5,0.37222222222222223,3,12.964516129032257,10.360714285714286,17.703225806451613,21.506666666666668,27.05161290322581,33.15555555555556,34.12542372881356,33.8,28.703333333333333,22.796774193548387,16.25,11.185454545454546
Tajikistan,38.56,68.7731481081081,163,23.98846846846847,11.023999598365474,-5.2,43.2,Northern,1,Temperate,2,38.56,0.42844444444444446,3,7.580645161290323,11.435714285714283,16.467741935483872,24.40666666666667,30.467741935483872,32.926086956521736,36.52881355932203,35.17903225806452,30.52833333333333,23.96935483870968,16.02,8.023636363636363
Tanzania,-6.182658992805755,35.75,164,26.023561151079136,2.6963643687132595,19.0,33.3,Southern,0,Tropical,0,6.182658992805755,0.06869621103117506,0,26.76129032258065,27.685714285714287,26.548387096774192,25.540000000000003,24.92258064516129,24.71521739130435,25.203333333333333,25.07903225806452,26.35833333333333,26.68387096774193,27.221666666666668,25.987272727272728
Thailand,18.773612230215825,100.78219136690647,165,30.8261690647482,2.6912727623330013,24.7,37.75,Northern,1,Tropical,0,18.773612230215825,0.2085956914468425,1,29.138709677419357,32.408928571428575,34.524193548387096,34.333333333333336,31.76290322580645,31.414130434782606,29.4275,30.529032258064515,30.360833333333336,30.958064516129035,29.9275,29.154545454545456
Tonga,-21.13265211009174,-175.2,166,23.33669724770642,2.210715487988975,16.1,28.2,Southern,0,Tropical,0,21.13265211009174,0.23480724566768602,2,25.00714285714286,26.12142857142857,25.641935483870967,25.706666666666667,23.648387096774197,22.532608695652176,21.541666666666668,21.246774193548383,21.096551724137928,22.914516129032258,24.087288135593223,25.519
Trinidad and Tobago,10.65,-61.51734332129964,167,25.30216606498195,1.5094502793968034,21.1,30.4,Northern,1,Tropical,0,10.65,0.11833333333333333,1,23.44,23.810714285714287,24.21935483870968,25.05333333333333,25.12903225806452,26.608695652173918,25.96,26.00967741935484,26.12833333333333,25.443548387096776,25.354237288135597,24.196363636363635
Tunisia,36.8022582278481,10.179758047016277,168,23.377938517179025,7.42878152983059,7.1,40.6,Northern,1,Temperate,2,36.8022582278481,0.40891398030942333,3,16.026666666666667,15.517857142857142,17.929032258064513,19.256666666666668,22.748387096774195,30.41111111111111,32.445762711864404,31.666129032258063,28.31,23.146774193548385,17.105,13.96181818181818
Turkey,39.55068345323741,27.6267654676259,169,18.61645683453237,9.706439482290026,-2.25,36.8,Northern,1,Temperate,2,39.55068345323741,0.4394520383693046,3,8.759677419354839,5.119642857142857,13.95483870967742,13.325,20.65806451612903,27.769565217391307,30.895,29.71129032258065,24.059166666666663,16.72741935483871,10.490833333333336,6.905454545454545
Turkmenistan,37.94955035971224,58.3952309352518,170,24.132014388489207,11.186266527211425,0.1,42.5,Northern,1,Temperate,2,37.94955035971224,0.4216616706634693,3,9.21935483870968,8.028571428571428,17.93548387096774,26.613333333333333,31.138709677419357,33.641304347826086,37.211666666666666,35.89677419354839,29.141666666666666,22.48709677419355,16.065,8.63090909090909
Tuvalu,-8.517341007194245,179.21734100719425,171,28.701258992805755,0.9102708424835656,25.1,30.4,Southern,0,Tropical,0,8.517341007194245,0.09463712230215827,0,28.53548387096774,28.642857142857142,29.00967741935484,28.523333333333333,29.10322580645161,28.456521739130437,28.706666666666667,28.503225806451614,28.42666666666667,28.635483870967743,29.021666666666665,28.96727272727273
Uganda,0.3164482882882882,32.56644828828829,172,25.7345945945946,2.7606164564869053,18.1,32.8,Northern,1,Tropical,0,0.3164482882882882,0.003516092092092091,0,27.874193548387098,30.139285714285712,26.5,24.116666666666667,24.490322580645163,24.86304347826087,25.481355932203392,25.366129032258065,26.631666666666668,25.700000000000003,24.216666666666665,25.57090909090909
Ukraine,50.43265899280576,30.517341007194243,173,14.495323741007194,10.68413725595155,-6.4,37.2,Northern,1,Temperate,2,50.43265899280576,0.5603628776978418,5,3.47741935483871,-1.5785714285714287,8.7,13.636666666666668,15.058064516129033,22.067391304347822,27.798333333333336,26.706451612903223,22.855,11.788709677419355,5.156666666666666,1.8145454545454545
United Arab Emirates,24.467341007194243,54.36734100719425,174,33.52410071942446,6.577493299788018,18.0,46.4,Northern,1,Subtropical,1,24.467341007194243,0.2718593445243805,2,23.296774193548387,25.42142857142857,29.470967741935485,36.04666666666667,39.245161290322585,37.97391304347826,39.30833333333333,39.67580645161291,38.57,32.91129032258065,28.945,24.312727272727276
United Kingdom,51.51765487364621,-0.1069270758122743,175,13.193682310469317,6.374960608761987,-1.9,32.8,Northern,1,Temperate,2,51.51765487364621,0.5724183874849579,5,4.490322580645161,5.846428571428571,8.46774193548387,11.92,14.958064516129031,19.91111111111111,20.32881355932204,19.988709677419354,15.328333333333337,11.911290322580646,8.436666666666666,7.7
United States of America,48.063752554744525,-123.022251459854,176,9.002509124087592,3.761666720655097,-2.8,24.925,Northern,1,Temperate,2,48.063752554744525,0.5340416950527169,4,3.786666666666666,3.132142857142857,6.248387096774193,7.91,9.493333333333334,11.259239130434782,12.017241379310343,13.082258064516129,11.88,8.770833333333334,6.993220338983051,6.270370370370371
Uruguay,-34.858469729729734,-56.17064432432433,177,13.736936936936935,5.272042054442821,0.3,27.2,Southern,0,Subtropical,1,34.858469729729734,0.38731633033033036,3,20.336666666666662,20.814285714285717,18.88387096774193,13.84,13.003225806451614,8.617391304347825,7.763333333333334,10.11451612903226,11.76,14.020967741935484,15.818333333333332,18.438181818181818
Uzbekistan,41.31734100719424,69.25,178,23.39622302158273,11.625100372973266,-3.6,42.3,Northern,1,Temperate,2,41.31734100719424,0.4590815667466026,4,7.225806451612903,9.903571428571428,16.5,25.73333333333333,32.00967741935484,35.06956521739131,36.595,34.79354838709677,28.60833333333333,21.932258064516127,14.43,5.872727272727273
Vanuatu,-17.732683121597095,168.3173168784029,179,24.59600725952813,2.246142639351038,17.1,30.4,Southern,0,Tropical,0,17.732683121597095,0.19702981246218995,1,25.51290322580645,26.50357142857143,25.874193548387098,25.936666666666667,24.458064516129035,23.58666666666667,22.564285714285717,22.530645161290323,23.15,24.56290322580645,26.048333333333336,26.987272727272728
Vatican City,41.90322302158274,12.45241726618705,180,20.138489208633093,8.79414796521627,2.1,37.7,Northern,1,Temperate,2,41.90322302158274,0.4655913669064749,4,12.019354838709678,11.396428571428572,13.738709677419356,16.96333333333333,20.44516129032258,29.3,31.295,30.966129032258067,23.798333333333336,18.34354838709677,12.17,9.016363636363636
Venezuela,10.5,-66.9173444846293,181,23.182459312839057,3.4633013527072696,15.2,30.3,Northern,1,Tropical,0,10.5,0.11666666666666667,1,21.93,23.65357142857143,23.896774193548385,24.21333333333333,25.41935483870968,25.269565217391307,23.51333333333333,23.914516129032258,25.041666666666668,21.97049180327869,20.861016949152543,20.274545454545454
Vietnam,21.088090647482016,105.00138489208632,182,27.21097122302158,4.819408598075749,13.5,38.2,Northern,1,Tropical,0,21.088090647482016,0.23431211830535573,2,20.60322580645161,20.285714285714285,26.31935483870968,29.418333333333337,30.67258064516129,30.303260869565214,29.723333333333336,29.175806451612903,29.90083333333333,28.55161290322581,25.425,21.76909090909091
Yemen,15.353787050359712,44.207341007194245,183,22.78794964028777,3.451415498256256,13.2,29.4,Northern,1,Tropical,0,15.353787050359712,0.17059763389288568,1,20.493548387096773,23.217857142857145,22.296774193548387,23.87333333333333,25.783870967741933,26.767391304347825,25.921666666666667,24.18387096774193,24.501666666666665,20.86774193548387,18.09333333333333,18.954545454545453
Zambia,-15.417341007194246,28.28265899280576,184,25.191187050359712,4.513021563588812,14.0,37.4,Southern,0,Tropical,0,15.417341007194246,0.17130378896882495,1,23.358064516129037,23.575,23.503225806451614,23.626666666666665,21.72903225806452,22.043478260869566,23.341666666666665,25.35967741935484,28.59333333333333,28.26451612903226,26.396666666666665,26.772727272727277
Zimbabwe,-17.81822093862816,31.043800722021658,185,23.91859205776173,4.066992904735639,10.2,34.8,Southern,0,Tropical,0,17.81822093862816,0.19798023265142398,1,23.37741935483871,24.857142857142858,24.09354838709677,23.133333333333333,20.916129032258063,20.171739130434784,21.42413793103448,23.425806451612903,26.596666666666668,25.77258064516129,25.136666666666667,25.74727272727273
